0,1,2,3,4,5,6,7,8,9,10,11,12,13,14,15,16,17,18,19,20,21,22,23,24,25,26,27,28,29,30,31,32,33,34,35
0.4513542354106903,0.4650382995605469,0.4427948594093323,0.47185903787612915,0.44329574704170227,0.45681673288345337,0.44173169136047363,0.48366492986679077,0.44281578063964844,0.4451301395893097,0.4786391854286194,0.5023381114006042,0.4821864068508148,0.424722284078598,0.5017692446708679,0.5494440793991089,0.4914846122264862,0.3721500039100647,0.45971375703811646,0.5657848715782166,0.48440423607826233,0.313616007566452,0.6121631860733032,0.48834362626075745,0.6121644973754883,0.4439484477043152,0.68738853931427,0.4878479540348053,0.6892223358154297,0.44788363575935364,0.7550721764564514,0.484357625246048,0.759844183921814,0.44598206877708435,0.4813583791255951,0.4638563096523285
0.44514650106430054,0.47568628191947937,0.4400291442871094,0.4820215404033661,0.44002699851989746,0.47126704454421997,0.443024605512619,0.4947543740272522,0.4425617754459381,0.4663684070110321,0.474955290555954,0.5095774531364441,0.4704867899417877,0.4522223174571991,0.4977685809135437,0.5435053110122681,0.47599413990974426,0.40597206354141235,0.4595319926738739,0.5649632811546326,0.4673027992248535,0.362581342458725,0.5815901160240173,0.49675124883651733,0.5796777009963989,0.4616988003253937,0.6502346396446228,0.49420496821403503,0.6495983004570007,0.4624204933643341,0.7028473019599915,0.4909951984882355,0.7053828239440918,0.4625685513019562,0.4725329577922821,0.4811481535434723
0.47345104813575745,0.5519484281539917,0.466224730014801,0.5579084157943726,0.46641892194747925,0.5470511317253113,0.4682338535785675,0.5677073001861572,0.4688147008419037,0.542679488658905,0.5043441653251648,0.5850777626037598,0.5027927756309509,0.5248479247093201,0.5239501595497131,0.6203412413597107,0.5102313756942749,0.47736454010009766,0.47843703627586365,0.6459468007087708,0.5058416128158569,0.43451550602912903,0.6141632199287415,0.5705944895744324,0.6134785413742065,0.5367560386657715,0.6812282204627991,0.5685012936592102,0.6802704930305481,0.5415474772453308,0.7387266755104065,0.5631386637687683,0.740129292011261,0.5391291975975037,0.5043004751205444,0.5560411214828491
0.33693212270736694,0.5608425736427307,0.3293166160583496,0.5665422677993774,0.3293743431568146,0.5554483532905579,0.330281525850296,0.576396107673645,0.32966962456703186,0.5471728444099426,0.37064477801322937,0.5969685316085815,0.3693111836910248,0.5270422697067261,0.3972947299480438,0.647091805934906,0.3827700614929199,0.47594332695007324,0.34849247336387634,0.668188750743866,0.3825719356536865,0.41497206687927246,0.49663516879081726,0.5813287496566772,0.4968300759792328,0.5397787690162659,0.5780420303344727,0.5799739956855774,0.5773218870162964,0.5418299436569214,0.6495698690414429,0.5768575668334961,0.6513555645942688,0.5361040234565735,0.37056368589401245,0.5631936192512512
0.4243115782737732,0.49615761637687683,0.4188666045665741,0.5016433596611023,0.4188428223133087,0.4918749928474426,0.423128604888916,0.5103689432144165,0.4211026728153229,0.4846870005130768,0.4561042785644531,0.5237820148468018,0.450877845287323,0.46903255581855774,0.47497573494911194,0.5588463544845581,0.4552081525325775,0.4303540587425232,0.4393511414527893,0.5770187377929688,0.45170801877975464,0.3853949010372162,0.5569738149642944,0.5097153186798096,0.5554860234260559,0.4774164855480194,0.6205675005912781,0.5038379430770874,0.6191004514694214,0.47716614603996277,0.6740235090255737,0.5016550421714783,0.6746004819869995,0.4785906970500946,0.4539485275745392,0.4963129162788391
0.345977783203125,0.5700681805610657,0.3372991681098938,0.5768680572509766,0.3380655348300934,0.5625900030136108,0.3396889269351959,0.587582528591156,0.3404475152492523,0.5518900156021118,0.37889209389686584,0.6041301488876343,0.37826070189476013,0.5325112342834473,0.40415579080581665,0.6513680815696716,0.3892434537410736,0.47841572761535645,0.3623359203338623,0.6776396036148071,0.3897368609905243,0.41520601511001587,0.504469096660614,0.5876983404159546,0.5054957866668701,0.5439639687538147,0.5902384519577026,0.5850692391395569,0.5909557938575745,0.5454506278038025,0.6630961298942566,0.5827347636222839,0.6644964814186096,0.5410632491111755,0.37952977418899536,0.569455623626709
0.4057146906852722,0.44368889927864075,0.39815840125083923,0.44977396726608276,0.39808791875839233,0.43646159768104553,0.4001736342906952,0.4597017467021942,0.400411993265152,0.42365410923957825,0.4388253688812256,0.4794522225856781,0.4395841658115387,0.40158411860466003,0.4565500319004059,0.5297759175300598,0.449469655752182,0.3471267819404602,0.4134882390499115,0.5422379970550537,0.4486674964427948,0.27907896041870117,0.5688073039054871,0.4668540358543396,0.5685365796089172,0.4238792061805725,0.6533023715019226,0.46443095803260803,0.6530076265335083,0.4279382526874542,0.7201104760169983,0.46608203649520874,0.7272063493728638,0.4262640178203583,0.4389050304889679,0.44034427404403687
0.4653762876987457,0.5288589000701904,0.459838330745697,0.5346419215202332,0.4589270055294037,0.5240108370780945,0.46345263719558716,0.5449784398078918,0.46185898780822754,0.5157653093338013,0.4970746636390686,0.5589204430580139,0.49704840779304504,0.49935510754585266,0.5096668004989624,0.5975772142410278,0.5046331286430359,0.45078977942466736,0.47442203760147095,0.6111647486686707,0.504198431968689,0.40801748633384705,0.602427065372467,0.5502763390541077,0.604154646396637,0.5138142704963684,0.6693063378334045,0.5503718256950378,0.6689634323120117,0.5167161822319031,0.7312919497489929,0.5466903448104858,0.7310112118721008,0.5191842317581177,0.4978572726249695,0.5286546349525452
0.4507875144481659,0.5073784589767456,0.44283658266067505,0.5134131908416748,0.44334807991981506,0.49825266003608704,0.4443405568599701,0.5241147875785828,0.44510459899902344,0.4839412271976471,0.48432406783103943,0.5411900877952576,0.48527365922927856,0.45807573199272156,0.50902259349823,0.5892435908317566,0.49010613560676575,0.39963802695274353,0.4683009684085846,0.6102662682533264,0.4854052662849426,0.33697453141212463,0.6206712126731873,0.5255298018455505,0.6219362020492554,0.4770742952823639,0.705236554145813,0.520691990852356,0.704171359539032,0.48123830556869507,0.7693771719932556,0.5210872888565063,0.7711291909217834,0.48194020986557007,0.48520803451538086,0.5009874105453491
0.4775533974170685,0.5778936743736267,0.469357430934906,0.5830039381980896,0.47031542658805847,0.5700042843818665,0.4702407419681549,0.5928753018379211,0.4722830355167389,0.559770941734314,0.5145076513290405,0.6130653023719788,0.5105102062225342,0.5369353294372559,0.5414829850196838,0.6633893251419067,0.5165023803710938,0.480974942445755,0.49559515714645386,0.6963769197463989,0.5138989686965942,0.4109753966331482,0.6457643508911133,0.5911396145820618,0.6450018286705017,0.5463434457778931,0.7309243083000183,0.5861138701438904,0.7292839884757996,0.5470569133758545,0.8003257513046265,0.5785732269287109,0.8005208373069763,0.5393543839454651,0.5129212737083435,0.5752636790275574
0.32305556535720825,0.5548404455184937,0.31489869952201843,0.5617910623550415,0.31507065892219543,0.5479257702827454,0.3159478008747101,0.5729696154594421,0.316224604845047,0.5394918322563171,0.35637757182121277,0.5917453169822693,0.3569504916667938,0.5188348889350891,0.3818815052509308,0.6408186554908752,0.36550527811050415,0.46187129616737366,0.3346249759197235,0.6616872549057007,0.3646409809589386,0.4010731279850006,0.4884979724884033,0.5773304104804993,0.4879522919654846,0.5342047214508057,0.5699499845504761,0.5731726884841919,0.5668302774429321,0.5335749983787537,0.6398212313652039,0.5689169764518738,0.6414315104484558,0.5288074016571045,0.3572046160697937,0.555118203163147
0.22204753756523132,0.49159881472587585,0.213124081492424,0.49991247057914734,0.21297311782836914,0.4854426383972168,0.21329890191555023,0.5138704776763916,0.2123551070690155,0.47799989581108093,0.25498923659324646,0.53265380859375,0.2537461817264557,0.456128865480423,0.2837834358215332,0.5843052268028259,0.2674849331378937,0.3989602029323578,0.24197015166282654,0.6245724558830261,0.26679283380508423,0.329539030790329,0.39606648683547974,0.5152971148490906,0.39479631185531616,0.46883493661880493,0.47527986764907837,0.5120900869369507,0.47343704104423523,0.4748193323612213,0.5422821044921875,0.5095825791358948,0.546991229057312,0.47311970591545105,0.25501391291618347,0.4948657155036926
0.45345303416252136,0.5056553483009338,0.44535019993782043,0.5123669505119324,0.4456389844417572,0.4969788193702698,0.44870808720588684,0.5239071249961853,0.4483540952205658,0.48452135920524597,0.48940518498420715,0.5412425398826599,0.48933538794517517,0.4598920941352844,0.5145054459571838,0.5892639756202698,0.49520641565322876,0.3985680043697357,0.4751444458961487,0.6099843978881836,0.4871826469898224,0.3313402533531189,0.6236227750778198,0.5249730348587036,0.6257663369178772,0.4767230153083801,0.7081533074378967,0.5197564959526062,0.7061068415641785,0.48043984174728394,0.7720640897750854,0.5202502608299255,0.7725991010665894,0.48074766993522644,0.49003368616104126,0.5020634531974792
0.4161389470100403,0.31777065992355347,0.40526270866394043,0.32546815276145935,0.4061335027217865,0.311098575592041,0.40503576397895813,0.33410531282424927,0.4051140248775482,0.3035929799079895,0.4486357271671295,0.36432650685310364,0.447215735912323,0.27922508120536804,0.46890753507614136,0.4277091920375824,0.453377902507782,0.22091075778007507,0.4171850085258484,0.444569855928421,0.45559293031692505,0.14987841248512268,0.5877885222434998,0.3545524477958679,0.5905691385269165,0.31049633026123047,0.6713107228279114,0.3599805235862732,0.6716094613075256,0.3236170709133148,0.7355940937995911,0.358912855386734,0.7420854568481445,0.31674841046333313,0.447985976934433,0.32306456565856934
0.3447350561618805,0.44957423210144043,0.33636897802352905,0.45645952224731445,0.33652350306510925,0.44357651472091675,0.33790668845176697,0.4694771468639374,0.33794692158699036,0.4336731433868408,0.3778000771999359,0.48873311281204224,0.3760233521461487,0.41530725359916687,0.3950052857398987,0.5386351346969604,0.38137346506118774,0.36171841621398926,0.34507498145103455,0.5602889657020569,0.381595641374588,0.300428181886673,0.5083608031272888,0.4771397113800049,0.5095394849777222,0.43360352516174316,0.5864415764808655,0.4809269607067108,0.5916627645492554,0.44001492857933044,0.6575242280960083,0.4835050702095032,0.663523256778717,0.4407401382923126,0.37738466262817383,0.4526880085468292
0.3801911771297455,0.5339794158935547,0.3720977008342743,0.5435195565223694,0.37090516090393066,0.5285122990608215,0.3784617483615875,0.5579274892807007,0.3737398087978363,0.520969569683075,0.4250967800617218,0.5741652846336365,0.4199131429195404,0.5013763904571533,0.4489905536174774,0.6250848770141602,0.43012481927871704,0.4477594494819641,0.4066472053527832,0.6471482515335083,0.42701250314712524,0.3828144669532776,0.5575053691864014,0.5570040345191956,0.5534325242042542,0.5130935907363892,0.6408221125602722,0.556023895740509,0.6362668871879578,0.5177171230316162,0.7073432207107544,0.554772675037384,0.7070444226264954,0.5136752724647522,0.4228542447090149,0.5373181104660034
0.4441935420036316,0.4765622317790985,0.4367839992046356,0.4832954704761505,0.43670257925987244,0.4687330722808838,0.4385565221309662,0.49393096566200256,0.43802812695503235,0.4566870629787445,0.4768863022327423,0.5099042654037476,0.4786410629749298,0.4363325536251068,0.5006682872772217,0.5629686117172241,0.48514097929000854,0.382901668548584,0.45725420117378235,0.5827689170837402,0.4741087555885315,0.31592845916748047,0.6108389496803284,0.4985567033290863,0.6104579567909241,0.4542831778526306,0.6893854141235352,0.495591938495636,0.6898718476295471,0.45767971873283386,0.7564225792884827,0.4932517409324646,0.7637258172035217,0.4536413252353668,0.4780751168727875,0.4736103117465973
0.45193737745285034,0.5260960459709167,0.4440898895263672,0.5335032939910889,0.44385266304016113,0.518487274646759,0.4454886317253113,0.546034574508667,0.44536447525024414,0.5069954991340637,0.4829111397266388,0.5610254406929016,0.48246002197265625,0.4833995997905731,0.5065478086471558,0.6083363890647888,0.49033159017562866,0.42533260583877563,0.4604903757572174,0.6339964270591736,0.48599061369895935,0.36176061630249023,0.6119128465652466,0.5442106127738953,0.6136438250541687,0.4993422329425812,0.6934351325035095,0.5427654385566711,0.6943545341491699,0.5025620460510254,0.7647870779037476,0.5427352786064148,0.7687329053878784,0.4992080628871918,0.48394250869750977,0.5234845876693726
0.48439618945121765,0.30164989829063416,0.477859228849411,0.3075396418571472,0.4779347777366638,0.2965584397315979,0.48005011677742004,0.3188585340976715,0.4794425368309021,0.2885730266571045,0.5146259665489197,0.3364815413951874,0.5129422545433044,0.27062660455703735,0.5395228266716003,0.37140458822250366,0.5197170972824097,0.2206866592168808,0.4935552477836609,0.39716672897338867,0.5183095335960388,0.1687583029270172,0.6213238835334778,0.32085877656936646,0.6217817664146423,0.281883180141449,0.6971455216407776,0.31832149624824524,0.6972194910049438,0.2849603295326233,0.7597694993019104,0.3147972524166107,0.7619725465774536,0.28197726607322693,0.5137869715690613,0.30419936776161194
0.44723406434059143,0.44549888372421265,0.43896418809890747,0.45190754532814026,0.4395596385002136,0.439543753862381,0.4368813931941986,0.46445414423942566,0.4394629895687103,0.43023499846458435,0.4747806489467621,0.48736557364463806,0.47741052508354187,0.4123847186565399,0.492063969373703,0.5340245962142944,0.48943236470222473,0.36165350675582886,0.45519566535949707,0.5504621863365173,0.4849713146686554,0.30124443769454956,0.606033980846405,0.47324344515800476,0.607437252998352,0.43059489130973816,0.6851415634155273,0.4731845557689667,0.6892243027687073,0.4359748661518097,0.7547946572303772,0.4734053313732147,0.7649158835411072,0.4341423213481903,0.4766766130924225,0.4506728947162628
0.492382287979126,0.5180715918540955,0.4860803782939911,0.5249471068382263,0.48536375164985657,0.5137351155281067,0.48883506655693054,0.5361701846122742,0.4858171045780182,0.5060182809829712,0.524471640586853,0.549263060092926,0.5159783363342285,0.49155718088150024,0.5492289066314697,0.5875139236450195,0.5178327560424805,0.4437558650970459,0.5047531723976135,0.6095563173294067,0.5143800377845764,0.3979012668132782,0.6315067410469055,0.5307849645614624,0.6281340718269348,0.49319180846214294,0.7002109885215759,0.5199324488639832,0.6945416331291199,0.49077484011650085,0.7581268548965454,0.5128979086875916,0.7548983693122864,0.4854709208011627,0.520815372467041,0.5206506848335266
0.4443942904472351,0.5155218243598938,0.439601868391037,0.5206965804100037,0.4395861327648163,0.5113895535469055,0.44241926074028015,0.5314760804176331,0.44314488768577576,0.5039259195327759,0.47286272048950195,0.5485784411430359,0.47385719418525696,0.48792561888694763,0.49110451340675354,0.5856888890266418,0.483837366104126,0.44585666060447693,0.4515925943851471,0.5987673401832581,0.48192518949508667,0.40659669041633606,0.5800343751907349,0.5399810075759888,0.5823163390159607,0.5034557580947876,0.6503682136535645,0.5379200577735901,0.6492186188697815,0.5059983730316162,0.7123158574104309,0.5333811640739441,0.7103849053382874,0.5040606260299683,0.47304797172546387,0.5194541215896606
0.43127965927124023,0.5054802298545837,0.4233052432537079,0.511240541934967,0.42406654357910156,0.4974680244922638,0.4268338978290558,0.523854672908783,0.4295479655265808,0.4865148067474365,0.47025009989738464,0.5431391596794128,0.47099217772483826,0.46634480357170105,0.4894610047340393,0.5913178324699402,0.4762621521949768,0.40476277470588684,0.4432331919670105,0.6163559556007385,0.4781811535358429,0.3417753279209137,0.607658863067627,0.5305867195129395,0.6090566515922546,0.4834413528442383,0.689039409160614,0.5303148031234741,0.6896032094955444,0.4873397648334503,0.7555493116378784,0.531879723072052,0.7636974453926086,0.48868805170059204,0.470146507024765,0.5059295296669006
0.3650546669960022,0.47601518034935,0.3587351441383362,0.4812614321708679,0.3591844439506531,0.4699241816997528,0.35928693413734436,0.4896083474159241,0.3576129972934723,0.46120473742485046,0.3875637948513031,0.5044861435890198,0.38761407136917114,0.4457980990409851,0.4050668776035309,0.5372709035873413,0.3941597640514374,0.4057895243167877,0.3806919753551483,0.5593717694282532,0.38573434948921204,0.3682370185852051,0.488067626953125,0.49474844336509705,0.4888257384300232,0.45969358086586,0.5566938519477844,0.49249759316444397,0.5563739538192749,0.4620267450809479,0.6154450178146362,0.48980382084846497,0.6181413531303406,0.4641537368297577,0.3879290223121643,0.4753723740577698
0.4970545470714569,0.4494352638721466,0.4912005364894867,0.4552502930164337,0.49152877926826477,0.44526633620262146,0.49184149503707886,0.4662700295448303,0.491680383682251,0.4376462399959564,0.5241197347640991,0.48375439643859863,0.5208239555358887,0.4229713976383209,0.5383529663085938,0.5210724472999573,0.5237556099891663,0.38109591603279114,0.49524933099746704,0.5429849028587341,0.5239779353141785,0.3303295969963074,0.6277989745140076,0.4687674343585968,0.627114474773407,0.43410834670066833,0.6974919438362122,0.4674515128135681,0.698244035243988,0.4372110366821289,0.7603303790092468,0.4676879346370697,0.7607130408287048,0.4375479519367218,0.5231899619102478,0.45286503434181213
0.5165393948554993,0.6708237528800964,0.5105149149894714,0.6776474714279175,0.5102434754371643,0.6673571467399597,0.5120386481285095,0.6893286108970642,0.5090131163597107,0.6616725921630859,0.5458396673202515,0.7050493359565735,0.5421477556228638,0.6443405151367188,0.5613245964050293,0.7453950643539429,0.5455303192138672,0.6001707911491394,0.519038200378418,0.7707290053367615,0.5430733561515808,0.5507985949516296,0.6529726982116699,0.6878841519355774,0.6513239741325378,0.6515102386474609,0.7256321907043457,0.6802178025245667,0.7218000292778015,0.6502605080604553,0.7886476516723633,0.6771019101142883,0.7851600646972656,0.6458441019058228,0.544208824634552,0.6746951937675476
0.46160703897476196,0.5274775624275208,0.4563904106616974,0.5331979393959045,0.4555847644805908,0.5222380757331848,0.45996204018592834,0.5435644388198853,0.4591061770915985,0.5140717625617981,0.493919312953949,0.5569875836372375,0.4937226176261902,0.49783754348754883,0.5047301054000854,0.5951854586601257,0.5032849907875061,0.45226243138313293,0.468487948179245,0.6097022891044617,0.5009763836860657,0.4112546443939209,0.598933756351471,0.5464662313461304,0.5999323725700378,0.5095013976097107,0.6683539152145386,0.5449476838111877,0.6676985621452332,0.5127547979354858,0.7300938367843628,0.5426284074783325,0.7294654846191406,0.5131484866142273,0.49490904808044434,0.5271385908126831
0.5949620604515076,0.5151286721229553,0.5866156220436096,0.5226457715034485,0.5871394872665405,0.506901204586029,0.5896828770637512,0.533466637134552,0.5900894999504089,0.4944429397583008,0.6306293606758118,0.5508571267127991,0.6311481595039368,0.46804311871528625,0.6550247073173523,0.604053795337677,0.641173243522644,0.40531641244888306,0.6134237051010132,0.6394463777542114,0.6446033716201782,0.3457922637462616,0.7650989294052124,0.5367530584335327,0.7684344053268433,0.486056387424469,0.8528133630752563,0.5333430171012878,0.8530893921852112,0.49453386664390564,0.9271368980407715,0.5323799848556519,0.9320884346961975,0.4909515380859375,0.6317773461341858,0.5105200409889221
0.4811651110649109,0.4343752861022949,0.47416096925735474,0.4392417073249817,0.47384533286094666,0.4288601875305176,0.47604894638061523,0.44836464524269104,0.47536057233810425,0.42104944586753845,0.5115326642990112,0.46246978640556335,0.5087093114852905,0.40656980872154236,0.5303259491920471,0.49609604477882385,0.5173758864402771,0.36750587821006775,0.49227291345596313,0.5145628452301025,0.5102804899215698,0.3157656192779541,0.6226600408554077,0.44625407457351685,0.6208521723747253,0.41070303320884705,0.6930769681930542,0.4411759674549103,0.6908040642738342,0.4114348590373993,0.7552947402000427,0.4359436631202698,0.7536153793334961,0.40772780776023865,0.511163592338562,0.4346049726009369
0.31088826060295105,0.49452266097068787,0.3026319146156311,0.5016939640045166,0.3028337061405182,0.4867401123046875,0.3038098216056824,0.5122868418693542,0.3035489022731781,0.4751843810081482,0.3412853181362152,0.5306949019432068,0.3406824469566345,0.45364537835121155,0.369004487991333,0.5792379379272461,0.3459794223308563,0.4001208245754242,0.324092835187912,0.6010699272155762,0.34196487069129944,0.33333295583724976,0.4767323434352875,0.5178429484367371,0.47752055525779724,0.4721281826496124,0.563453197479248,0.5141075253486633,0.5611602663993835,0.4756637513637543,0.6314660310745239,0.5137244462966919,0.6297844052314758,0.4761660397052765,0.34167513251304626,0.4927111268043518
0.4511215090751648,0.5525534749031067,0.44268158078193665,0.5605341792106628,0.44339418411254883,0.5453190207481384,0.44570794701576233,0.5730919241905212,0.44632843136787415,0.53523850440979,0.4855087697505951,0.5911512970924377,0.48734524846076965,0.5145200490951538,0.5093429684638977,0.640773355960846,0.4976785182952881,0.4607328474521637,0.4684894382953644,0.6617087125778198,0.49651893973350525,0.40352731943130493,0.6180036664009094,0.57644122838974,0.6178905367851257,0.5301682949066162,0.7022940516471863,0.5685251355171204,0.7008152604103088,0.5326172709465027,0.7695611119270325,0.5674146413803101,0.7743851542472839,0.5269732475280762,0.48773154616355896,0.552772581577301
0.39610353112220764,0.7046610713005066,0.3872411549091339,0.7130371332168579,0.3862783908843994,0.6981238722801208,0.3873280882835388,0.7231587767601013,0.38408976793289185,0.6866177320480347,0.4283912777900696,0.7383359670639038,0.4196496903896332,0.6592856049537659,0.4574591815471649,0.788765549659729,0.43447014689445496,0.6010074615478516,0.41724660992622375,0.826085090637207,0.4355241358280182,0.5265352725982666,0.5573911070823669,0.7033025026321411,0.5502646565437317,0.6593667268753052,0.6357675194740295,0.6894956231117249,0.6315305829048157,0.6512535214424133,0.7074409127235413,0.6774041056632996,0.7073840498924255,0.639072060585022,0.42409390211105347,0.6988910436630249
0.294123113155365,0.5104836225509644,0.2868660092353821,0.5154171586036682,0.28728431463241577,0.5024908781051636,0.29086998105049133,0.5258005261421204,0.29153579473495483,0.4895196557044983,0.3316381573677063,0.5425236225128174,0.33311623334884644,0.46384212374687195,0.3596460223197937,0.5896886587142944,0.33938369154930115,0.40472275018692017,0.3115818202495575,0.6133819818496704,0.33560416102409363,0.3407573997974396,0.46898406744003296,0.5305994153022766,0.47093749046325684,0.4824278950691223,0.5497230291366577,0.5251806378364563,0.5505438446998596,0.48489731550216675,0.6162081360816956,0.5231969356536865,0.6200879216194153,0.48483937978744507,0.33213838934898376,0.505046546459198
0.4562597870826721,0.5173355340957642,0.4487282335758209,0.5244452357292175,0.44908609986305237,0.5084900259971619,0.4519279897212982,0.5341987013816833,0.4522770941257477,0.49445635080337524,0.49191609025001526,0.5493355393409729,0.49134063720703125,0.46944287419319153,0.511816680431366,0.6012061834335327,0.5009865164756775,0.4062406122684479,0.4707085192203522,0.6215224266052246,0.49465733766555786,0.34377485513687134,0.6183459162712097,0.5335153937339783,0.6194204092025757,0.4859716594219208,0.7024949193000793,0.5298357009887695,0.7017843127250671,0.4903060793876648,0.7701735496520996,0.5296161770820618,0.7746739983558655,0.48820242285728455,0.4919663965702057,0.510127604007721
0.46217235922813416,0.5184105038642883,0.4567060172557831,0.5229631066322327,0.45650508999824524,0.5119660496711731,0.45943570137023926,0.5308297276496887,0.4589751064777374,0.5033667683601379,0.4922100901603699,0.5461447834968567,0.49386873841285706,0.4854830801486969,0.5072911977767944,0.5810089111328125,0.5065194964408875,0.4389209747314453,0.4719392657279968,0.5994022488594055,0.5037472248077393,0.4000193774700165,0.5999011397361755,0.5381913781166077,0.6009250283241272,0.5001152157783508,0.666325032711029,0.5361803770065308,0.6673911809921265,0.5034894943237305,0.7286950349807739,0.532917857170105,0.7294855713844299,0.5029727816581726,0.49319371581077576,0.5152480602264404
0.5315771698951721,0.7194135785102844,0.5230149626731873,0.7278765439987183,0.5227946043014526,0.7120303511619568,0.5259658098220825,0.7407922744750977,0.5241454243659973,0.7016645073890686,0.5728190541267395,0.7586794495582581,0.5656143426895142,0.6742339730262756,0.5950716733932495,0.812846839427948,0.5738807320594788,0.6160091757774353,0.5552769899368286,0.8517770767211914,0.5770862698554993,0.5472394824028015,0.7079089283943176,0.7291988730430603,0.7039775848388672,0.6825652122497559,0.7966012358665466,0.7154213786125183,0.791992723941803,0.6774513125419617,0.8649420142173767,0.7064288854598999,0.8660426735877991,0.667841911315918,0.5697131752967834,0.7167545557022095
0.4591423571109772,0.5301994681358337,0.4538636803627014,0.5361248850822449,0.4534110724925995,0.5246079564094543,0.45748046040534973,0.5452739596366882,0.456000953912735,0.5153825879096985,0.4898875653743744,0.557704746723175,0.48945364356040955,0.49747779965400696,0.5053102374076843,0.5938610434532166,0.4981798827648163,0.45388832688331604,0.47178736329078674,0.6113524436950684,0.49654239416122437,0.41281357407569885,0.5930410027503967,0.5491675734519958,0.59430330991745,0.511999785900116,0.6633597016334534,0.5482292175292969,0.662318766117096,0.5148969292640686,0.7264887094497681,0.545928418636322,0.7258074879646301,0.518761932849884,0.4907348155975342,0.5277785658836365
0.43635961413383484,0.4753119945526123,0.42939403653144836,0.4843144416809082,0.42869138717651367,0.47000184655189514,0.43277910351753235,0.5003174543380737,0.4323950707912445,0.4645816683769226,0.47376522421836853,0.5214367508888245,0.47210749983787537,0.4478791058063507,0.5065460801124573,0.5763808488845825,0.48255571722984314,0.39003926515579224,0.4571451246738434,0.6036885380744934,0.4767306447029114,0.31947454810142517,0.6107110977172852,0.5068036317825317,0.6102182269096375,0.46297577023506165,0.6919990181922913,0.5026763677597046,0.6904324889183044,0.46640992164611816,0.7581685781478882,0.4998793303966522,0.7598757147789001,0.4611632227897644,0.47282662987709045,0.48508599400520325
0.3803141713142395,0.5547981858253479,0.3722577691078186,0.5620774626731873,0.37214404344558716,0.5486723780632019,0.3727438747882843,0.5746065974235535,0.37215375900268555,0.5406861901283264,0.4107681214809418,0.5937293767929077,0.4097311198711395,0.521563708782196,0.4328621029853821,0.6468424797058105,0.41713613271713257,0.4703209102153778,0.3863925039768219,0.6658318638801575,0.4143396317958832,0.40447917580604553,0.5417054295539856,0.5784602761268616,0.5413727164268494,0.5344009399414062,0.6250419616699219,0.5727812051773071,0.6227883696556091,0.533829927444458,0.6958839297294617,0.5695697069168091,0.6980867385864258,0.5287761092185974,0.41108438372612,0.5577355027198792
0.45285943150520325,0.49399277567863464,0.4451201260089874,0.5008537769317627,0.44475629925727844,0.4862794578075409,0.4451415240764618,0.5110108852386475,0.4443877041339874,0.4744320213794708,0.47941604256629944,0.5290718078613281,0.47904136776924133,0.4519577920436859,0.5041681528091431,0.580041229724884,0.48887625336647034,0.39576253294944763,0.4594098925590515,0.6010916829109192,0.48240014910697937,0.3248988687992096,0.6140141487121582,0.5164955854415894,0.6145897507667542,0.4693266451358795,0.6986538171768188,0.5141696929931641,0.6978632211685181,0.4747622013092041,0.7646134495735168,0.5134050250053406,0.768868625164032,0.4747302830219269,0.4800509810447693,0.49136486649513245
0.5562994480133057,0.6875783801078796,0.5473018884658813,0.6952701807022095,0.5463514924049377,0.6810750365257263,0.5488792657852173,0.7083030343055725,0.5446495413780212,0.6712180376052856,0.5915797352790833,0.7262681126594543,0.5852745175361633,0.6438754200935364,0.6168152689933777,0.7820745706558228,0.5958979725837708,0.5879272818565369,0.5749702453613281,0.8214620351791382,0.5916133522987366,0.5209922194480896,0.7288118004798889,0.6965879201889038,0.7279406189918518,0.6519428491592407,0.8140584230422974,0.6852806806564331,0.8080494999885559,0.6446860432624817,0.8778671026229858,0.6748738288879395,0.8852248787879944,0.6325532793998718,0.5894436240196228,0.6849756240844727
0.4352234899997711,0.5090795755386353,0.42700842022895813,0.5133805274963379,0.4282911717891693,0.5009226202964783,0.42994651198387146,0.52354896068573,0.4327579438686371,0.48805689811706543,0.4714634418487549,0.5405157804489136,0.47437500953674316,0.46696922183036804,0.4926799237728119,0.5901747941970825,0.48401036858558655,0.4086425006389618,0.4515987038612366,0.6155855059623718,0.481158971786499,0.3456847071647644,0.6092766523361206,0.5311970114707947,0.6112992167472839,0.4849271774291992,0.6920076608657837,0.5310661196708679,0.6936882138252258,0.4903087317943573,0.7591667771339417,0.5330318212509155,0.7655740976333618,0.4913901686668396,0.4722704291343689,0.5048173666000366
0.3821629583835602,0.5517245531082153,0.3744819164276123,0.5604751110076904,0.3743320107460022,0.5459380745887756,0.37932565808296204,0.5731216073036194,0.37777605652809143,0.5383487343788147,0.42139822244644165,0.5915105938911438,0.4196811020374298,0.5169700384140015,0.44135382771492004,0.6429993510246277,0.42813608050346375,0.4575890004634857,0.39560920000076294,0.6639882922172546,0.4262087345123291,0.3979731500148773,0.5530571341514587,0.5763226747512817,0.5519507527351379,0.5326006412506104,0.6377472281455994,0.5706862807273865,0.6345186233520508,0.5322509407997131,0.7034366726875305,0.5675572156906128,0.7070220708847046,0.5265082716941833,0.4216509759426117,0.5542058944702148
0.3815666735172272,0.5741323828697205,0.3750744163990021,0.5793875455856323,0.3754727244377136,0.5694516897201538,0.3791351616382599,0.589108943939209,0.37746915221214294,0.5620659589767456,0.40993109345436096,0.6032744646072388,0.40822601318359375,0.5438445806503296,0.43371060490608215,0.6344156861305237,0.4140948951244354,0.5042110681533813,0.3972795307636261,0.6576748490333557,0.41067439317703247,0.45472022891044617,0.5109118223190308,0.5887179374694824,0.5110877156257629,0.5502433776855469,0.5809968709945679,0.585770308971405,0.5789612531661987,0.5536752343177795,0.6380610466003418,0.5802744626998901,0.6356135606765747,0.5521746873855591,0.41049548983573914,0.5740856528282166
0.22706425189971924,0.6956595182418823,0.21928490698337555,0.7046201825141907,0.21828089654445648,0.6898432374000549,0.2204633504152298,0.7169094681739807,0.217063307762146,0.6833907961845398,0.2627958655357361,0.7363109588623047,0.2588461935520172,0.6544627547264099,0.2918316423892975,0.7874208688735962,0.27757227420806885,0.5977291464805603,0.24172112345695496,0.8273533582687378,0.2826038897037506,0.5322798490524292,0.3995758593082428,0.6999917030334473,0.3962746262550354,0.6540831327438354,0.4790535569190979,0.6856046915054321,0.4772089123725891,0.6486164331436157,0.5475873947143555,0.6725214123725891,0.552065908908844,0.6337242126464844,0.2598997950553894,0.6955598592758179
0.5623118281364441,0.4734908938407898,0.5560553669929504,0.47874999046325684,0.5567120909690857,0.4675476849079132,0.558418333530426,0.48850011825561523,0.5589652061462402,0.4595092833042145,0.5910133123397827,0.5051883459091187,0.5906316041946411,0.4428611397743225,0.6143255829811096,0.5439438223838806,0.5997609496116638,0.40209099650382996,0.5664424300193787,0.5641179084777832,0.5952353477478027,0.36399558186531067,0.7025554776191711,0.4927230477333069,0.7026460766792297,0.4569781422615051,0.7771219611167908,0.4931144416332245,0.7758687734603882,0.4599466323852539,0.839876651763916,0.49167150259017944,0.8423638343811035,0.4602809250354767,0.591817319393158,0.47449448704719543
0.4444289803504944,0.5679395794868469,0.43812984228134155,0.5728145837783813,0.4389396011829376,0.5630660653114319,0.44144317507743835,0.5817777514457703,0.4410955309867859,0.5558579564094543,0.47551074624061584,0.5966739058494568,0.47265464067459106,0.5397711992263794,0.49280738830566406,0.6318267583847046,0.4762272834777832,0.5013755559921265,0.4523579478263855,0.6591418981552124,0.46960851550102234,0.4559859335422516,0.581882894039154,0.581919252872467,0.5802927613258362,0.5466834902763367,0.6530756950378418,0.5771633386611938,0.6518477201461792,0.5490999817848206,0.7095282673835754,0.5724509954452515,0.7084881663322449,0.546213686466217,0.47439342737197876,0.56885826587677
0.4383375644683838,0.5118740797042847,0.430481493473053,0.5168682932853699,0.43111497163772583,0.5037784576416016,0.43325042724609375,0.5272509455680847,0.43510177731513977,0.49086594581604004,0.47304314374923706,0.5434901714324951,0.47554734349250793,0.46962770819664,0.49358412623405457,0.5921430587768555,0.48490414023399353,0.41158440709114075,0.4538551867008209,0.6179258227348328,0.4809577465057373,0.34682562947273254,0.6074515581130981,0.5331812500953674,0.6099795699119568,0.48829299211502075,0.6891556978225708,0.5340090394020081,0.6909028887748718,0.49410906434059143,0.7573347091674805,0.5352745056152344,0.76297527551651,0.49348384141921997,0.47383183240890503,0.5078112483024597
0.5596850514411926,0.5047077536582947,0.5499380826950073,0.5111441016197205,0.5510507225990295,0.49685803055763245,0.5509149432182312,0.5233027338981628,0.5527430772781372,0.4866526126861572,0.5968813896179199,0.5441915988922119,0.5970829129219055,0.4659474194049835,0.6233596205711365,0.5985960960388184,0.6034823656082153,0.40332093834877014,0.5854763984680176,0.6365558505058289,0.6049305200576782,0.3319653570652008,0.7379674315452576,0.5294383764266968,0.7390579581260681,0.48194271326065063,0.8237640261650085,0.5275478959083557,0.8243042230606079,0.4859289824962616,0.8890263438224792,0.5225740075111389,0.8951645493507385,0.4800946116447449,0.5968594551086426,0.5063636898994446
0.4255693554878235,0.47815850377082825,0.41983529925346375,0.48477059602737427,0.4200648367404938,0.47314828634262085,0.4219556748867035,0.4967474937438965,0.423001766204834,0.46860066056251526,0.454872190952301,0.5133249163627625,0.45417484641075134,0.4535653293132782,0.4625524580478668,0.554376482963562,0.4642102122306824,0.4114939570426941,0.4346042275428772,0.5822852253913879,0.4521338641643524,0.37035584449768066,0.5592963099479675,0.5020118355751038,0.5589964985847473,0.4683380424976349,0.6244534254074097,0.5010074377059937,0.6263745427131653,0.4711639881134033,0.6843095421791077,0.5014171004295349,0.6853697896003723,0.475353479385376,0.4548547863960266,0.484119176864624
0.44187188148498535,0.47193071246147156,0.43603190779685974,0.4773128032684326,0.43637901544570923,0.466255247592926,0.4373433589935303,0.48832646012306213,0.43851330876350403,0.4591940939426422,0.468680202960968,0.5043057203292847,0.4707648754119873,0.44666507840156555,0.48578041791915894,0.5416069030761719,0.4776810109615326,0.40278807282447815,0.44346705079078674,0.5616285800933838,0.47293734550476074,0.35245832800865173,0.5832228660583496,0.49344682693481445,0.5826376676559448,0.45824289321899414,0.6537107229232788,0.49219122529029846,0.6527416110038757,0.45994243025779724,0.7071852087974548,0.4907315671443939,0.7088108658790588,0.46065273880958557,0.46999162435531616,0.47578302025794983
0.3736112415790558,0.45103535056114197,0.3680374324321747,0.45647647976875305,0.36794668436050415,0.44708725810050964,0.3705440163612366,0.4681243598461151,0.369744211435318,0.4391746520996094,0.40459921956062317,0.4852352738380432,0.4017541706562042,0.4214363694190979,0.4194910526275635,0.5201723575592041,0.4142697751522064,0.37885212898254395,0.3823172152042389,0.5381410121917725,0.4063965678215027,0.33105841279029846,0.5062522888183594,0.4709912836551666,0.5061329007148743,0.43397727608680725,0.5792878270149231,0.46856048703193665,0.578201413154602,0.439435750246048,0.6437954306602478,0.46741238236427307,0.6445778012275696,0.43824121356010437,0.40366634726524353,0.454164981842041
0.46733787655830383,0.5061306953430176,0.4606862962245941,0.5101362466812134,0.4614022672176361,0.5003807544708252,0.46185749769210815,0.5170072913169861,0.4618757665157318,0.49044591188430786,0.4895736873149872,0.5329155325889587,0.49383577704429626,0.4747631847858429,0.5003458857536316,0.5733639001846313,0.5088073015213013,0.42564302682876587,0.46670398116111755,0.5887416005134583,0.5100501179695129,0.38488152623176575,0.6063675284385681,0.5281175374984741,0.608178973197937,0.4882053732872009,0.6702448725700378,0.5256232619285583,0.672970712184906,0.49200892448425293,0.7283401489257812,0.5235796570777893,0.7317966818809509,0.49352791905403137,0.4922994077205658,0.5047188997268677
0.4176405072212219,0.5462576746940613,0.41233283281326294,0.5507669448852539,0.4128134250640869,0.5412815809249878,0.4161166250705719,0.5590957403182983,0.4159166216850281,0.5344905853271484,0.44810938835144043,0.5747342109680176,0.4475197494029999,0.5199497938156128,0.4686759114265442,0.6067731976509094,0.4538310468196869,0.4832168519496918,0.4252530038356781,0.6285308599472046,0.4538173973560333,0.4396010935306549,0.5484092235565186,0.5662402510643005,0.5501412153244019,0.5310186743736267,0.6181235909461975,0.5660475492477417,0.6172513961791992,0.5330712199211121,0.6795275807380676,0.5609254837036133,0.6774671673774719,0.5315958261489868,0.4487951397895813,0.5473906397819519
0.5261331796646118,0.3149360120296478,0.5162845849990845,0.3248257637023926,0.5163591504096985,0.30790263414382935,0.5167301893234253,0.34256696701049805,0.5161908268928528,0.29882243275642395,0.5590752363204956,0.36878249049186707,0.5604371428489685,0.28052306175231934,0.5862249732017517,0.42256465554237366,0.5722055435180664,0.22083842754364014,0.5427247881889343,0.446149080991745,0.5736166834831238,0.14813031256198883,0.6987026333808899,0.3559039533138275,0.7001267075538635,0.30703067779541016,0.7887765169143677,0.3588368892669678,0.7875224947929382,0.32100537419319153,0.862453281879425,0.36376357078552246,0.8659310936927795,0.31617599725723267,0.5610632300376892,0.32520464062690735
0.3139093220233917,0.4719986319541931,0.3057343065738678,0.47933024168014526,0.30535992980003357,0.4638592600822449,0.30983445048332214,0.4911084771156311,0.30800753831863403,0.4523213803768158,0.3534807562828064,0.509827733039856,0.35201364755630493,0.43021950125694275,0.38205406069755554,0.5584951043128967,0.3626299202442169,0.37156152725219727,0.33289095759391785,0.5769259333610535,0.3572704792022705,0.3115633428096771,0.48711803555488586,0.4936196506023407,0.48534131050109863,0.44953030347824097,0.564946711063385,0.4917755424976349,0.5629801154136658,0.4530811011791229,0.6367407441139221,0.4914604127407074,0.6399965882301331,0.45105311274528503,0.35343581438064575,0.46969079971313477
0.2724132239818573,0.3362291157245636,0.26186642050743103,0.34394675493240356,0.2626926004886627,0.3276868760585785,0.2624336779117584,0.35795387625694275,0.26404982805252075,0.31732890009880066,0.3083048164844513,0.38032326102256775,0.3075072765350342,0.3007367253303528,0.3415375053882599,0.4388576149940491,0.31471019983291626,0.24434050917625427,0.29604172706604004,0.4703550934791565,0.31548523902893066,0.1696404218673706,0.45209524035453796,0.3777525722980499,0.4552161991596222,0.3316649794578552,0.5333909392356873,0.3837834298610687,0.5422758460044861,0.34268635511398315,0.5931090116500854,0.38302144408226013,0.6008034944534302,0.3426048755645752,0.3086089789867401,0.34140798449516296
0.2804991602897644,0.4718002378940582,0.27409690618515015,0.4779912829399109,0.27393779158592224,0.46613723039627075,0.27690497040748596,0.48856353759765625,0.2751896381378174,0.45755982398986816,0.3111023008823395,0.5027705430984497,0.30899882316589355,0.44063276052474976,0.3319444954395294,0.5419012904167175,0.32005074620246887,0.3963600695133209,0.2893182337284088,0.5621531009674072,0.31460732221603394,0.3509162962436676,0.42586567997932434,0.49059274792671204,0.4258081912994385,0.4532609283924103,0.496555894613266,0.48742660880088806,0.49391812086105347,0.45624202489852905,0.5525351166725159,0.4862917959690094,0.5525195002555847,0.45879772305488586,0.3109305799007416,0.4722515642642975
0.41849321126937866,0.5133270025253296,0.41311749815940857,0.5172622799873352,0.41393914818763733,0.5071490406990051,0.41708117723464966,0.5256916880607605,0.4186394214630127,0.4987151622772217,0.4516192078590393,0.5401341915130615,0.45079106092453003,0.48384690284729004,0.4744555652141571,0.574529230594635,0.4606979191303253,0.44431018829345703,0.4339863955974579,0.5925835371017456,0.4613230228424072,0.39822858572006226,0.5508540868759155,0.5310901999473572,0.5525570511817932,0.4946691393852234,0.6195534467697144,0.5303270816802979,0.6223942637443542,0.49712151288986206,0.6808627843856812,0.5297393798828125,0.6833668947219849,0.4978913366794586,0.4511653780937195,0.5116374492645264
0.4511582553386688,0.5372346043586731,0.4429072439670563,0.5451160073280334,0.44313451647758484,0.5290539264678955,0.44552549719810486,0.5579081773757935,0.445351779460907,0.518127977848053,0.4845760762691498,0.573928952217102,0.48763713240623474,0.4973822236061096,0.5124772787094116,0.6206931471824646,0.4989323318004608,0.4421684741973877,0.47689372301101685,0.6455861926078796,0.49363312125205994,0.38230934739112854,0.6162512898445129,0.5566219091415405,0.6177247166633606,0.5132284164428711,0.7012921571731567,0.5534082651138306,0.701258659362793,0.5164986252784729,0.7714958786964417,0.5559632182121277,0.7738555669784546,0.5131151080131531,0.4874514937400818,0.5364219546318054
0.3665328919887543,0.49422016739845276,0.3601962924003601,0.4997375011444092,0.3602459728717804,0.49017003178596497,0.36240139603614807,0.5093415379524231,0.3617312014102936,0.4839962124824524,0.3938966393470764,0.5262144207954407,0.39180269837379456,0.47006914019584656,0.41471049189567566,0.5583953857421875,0.3993297219276428,0.4265219569206238,0.39353159070014954,0.5790066123008728,0.3946540057659149,0.37934455275535583,0.4940509796142578,0.5130276679992676,0.4937548339366913,0.4767938256263733,0.5613874793052673,0.5097285509109497,0.5605341196060181,0.47932514548301697,0.6194486021995544,0.5059400796890259,0.6194214820861816,0.4813462793827057,0.39329883456230164,0.4985980689525604
0.3416365683078766,0.3740723729133606,0.3351258337497711,0.37955203652381897,0.33497920632362366,0.3697020709514618,0.335222452878952,0.3900209367275238,0.3349079191684723,0.36271414160728455,0.3658631443977356,0.4065420627593994,0.36632248759269714,0.3491663634777069,0.3876497149467468,0.44082775712013245,0.3733460307121277,0.3030438721179962,0.3496265709400177,0.45942291617393494,0.3723294734954834,0.24617169797420502,0.4745900630950928,0.39893046021461487,0.4762115478515625,0.3639833629131317,0.5435828566551208,0.4010920524597168,0.5451710820198059,0.36963072419166565,0.6060803532600403,0.40131399035453796,0.6087225675582886,0.3727092146873474,0.3659590780735016,0.3785872161388397
0.33437755703926086,0.5143598318099976,0.3265253007411957,0.5184029936790466,0.32724884152412415,0.5068877339363098,0.32804229855537415,0.5228081345558167,0.32870322465896606,0.49229803681373596,0.3676590323448181,0.5403947830200195,0.36929550766944885,0.466665118932724,0.39341291785240173,0.5927633047103882,0.37619590759277344,0.40527471899986267,0.3496638238430023,0.6317795515060425,0.3759918510913849,0.3380059599876404,0.5030196905136108,0.525862455368042,0.5021302103996277,0.48048096895217896,0.5787884593009949,0.522953987121582,0.5777028203010559,0.4858434200286865,0.6451488733291626,0.5193877816200256,0.6472002863883972,0.48312535881996155,0.3682423233985901,0.5038592219352722
0.37563881278038025,0.44503650069236755,0.36731213331222534,0.45137348771095276,0.3675372898578644,0.4385010302066803,0.3674688935279846,0.462513267993927,0.36844637989997864,0.4269884526729584,0.40687307715415955,0.4824405610561371,0.4071655571460724,0.4045562744140625,0.4260545074939728,0.5305308699607849,0.41654977202415466,0.35160017013549805,0.38333842158317566,0.5445828437805176,0.4128997027873993,0.283835768699646,0.5343730449676514,0.4679265320301056,0.5389467477798462,0.4233585000038147,0.6170479655265808,0.468548983335495,0.6222834587097168,0.4309249520301819,0.6890326142311096,0.46876996755599976,0.6953912973403931,0.4291120171546936,0.4075039029121399,0.44406601786613464
0.4971751570701599,0.4987311065196991,0.48890233039855957,0.506008505821228,0.4890342354774475,0.49205246567726135,0.49094492197036743,0.5185389518737793,0.48967745900154114,0.48276790976524353,0.533812940120697,0.5374966859817505,0.5323453545570374,0.4605913460254669,0.5572947263717651,0.5891445279121399,0.5392707586288452,0.3980483412742615,0.5244676470756531,0.629008412361145,0.5368531942367554,0.3320119380950928,0.6689191460609436,0.5179044008255005,0.6681374907493591,0.47288721799850464,0.7519420981407166,0.5154064893722534,0.7509599328041077,0.4781178832054138,0.8167024254798889,0.5132545232772827,0.8270552754402161,0.4728144109249115,0.5330508351325989,0.4999696612358093
0.43384483456611633,0.4460654556751251,0.4240729510784149,0.4531383514404297,0.4252367615699768,0.43969854712486267,0.4224108159542084,0.4655919075012207,0.42577600479125977,0.431262731552124,0.4641335606575012,0.49017977714538574,0.46448516845703125,0.41364651918411255,0.49129751324653625,0.5458347201347351,0.4703853726387024,0.3569384217262268,0.44930869340896606,0.5700598955154419,0.4696035087108612,0.28524264693260193,0.6030097603797913,0.4741409718990326,0.6013290286064148,0.4321272075176239,0.6847444772720337,0.46981486678123474,0.6789070963859558,0.4366740584373474,0.7443045377731323,0.4657324254512787,0.7464154362678528,0.42985180020332336,0.46381813287734985,0.45167356729507446
0.47263234853744507,0.487580806016922,0.4649725556373596,0.4940356910228729,0.4641440212726593,0.4813455045223236,0.4668853282928467,0.505682647228241,0.46579164266586304,0.4720027446746826,0.5086613893508911,0.5254601836204529,0.5057081580162048,0.4484460651874542,0.5425072312355042,0.5761236548423767,0.5132843852043152,0.39190319180488586,0.4965756833553314,0.6053443551063538,0.5121360421180725,0.3251805603504181,0.643451988697052,0.5045865774154663,0.6406235098838806,0.46273723244667053,0.7304540872573853,0.5043210387229919,0.7254209518432617,0.4676198661327362,0.7960935831069946,0.5004780292510986,0.8001922369003296,0.45962032675743103,0.5072561502456665,0.487201988697052
0.4145853817462921,0.5184601545333862,0.4061969816684723,0.5250516533851624,0.40584179759025574,0.5126161575317383,0.4065079092979431,0.5384439826011658,0.4061574935913086,0.5040159821510315,0.44792482256889343,0.5584720373153687,0.44502782821655273,0.4876413345336914,0.4667574465274811,0.6098645925521851,0.4530940353870392,0.4336509108543396,0.42309045791625977,0.6338680982589722,0.454353004693985,0.3683196008205414,0.5800371170043945,0.5450353026390076,0.5814946889877319,0.502606213092804,0.6624618172645569,0.5472792387008667,0.6635120511054993,0.5069073438644409,0.7284278869628906,0.5475636720657349,0.7344503402709961,0.5051625370979309,0.4468870460987091,0.5229708552360535
0.45481473207473755,0.5622808337211609,0.44562387466430664,0.5697804093360901,0.44665390253067017,0.5545393228530884,0.44780221581459045,0.5827509164810181,0.4495994448661804,0.5446282029151917,0.48739752173423767,0.6026427149772644,0.4895481467247009,0.5236960053443909,0.517554521560669,0.6489670872688293,0.4999461770057678,0.46672478318214417,0.47568365931510925,0.6684773564338684,0.5005216002464294,0.403738409280777,0.6195123791694641,0.5839219689369202,0.6197238564491272,0.537864625453949,0.7038655877113342,0.5783906579017639,0.701031506061554,0.5403324961662292,0.7729917764663696,0.5769535899162292,0.77696692943573,0.5355110764503479,0.4896431863307953,0.5637596845626831
